layer,Q_mean,Q_sd,delta_mean,delta_sd,CKA,Delta_CKA,Delta,effective_rank
0,0.5091743119266054,0.0,0.0,0.0,0.0,1.0,0.6218023749594529,1.0
1,0.7330275229357798,0.0035716540143113516,0.0,0.0,0.7430911248096848,0.2569088751903152,0.4430883776623699,235.02600658028305
2,0.7516055045871559,0.011427681805828559,0.00894495412844034,0.0075374663876857624,0.9501454650068075,0.0498545349931925,0.3829000632345952,320.0258336364871
3,0.7438073394495414,0.017346486606595483,0.015596330275229359,0.014382946876250599,0.8264961673110683,0.1735038326889317,0.554629833145762,336.41171962579574
4,0.7309633027522936,0.010466609366151063,0.0018348623853211,0.004102877022935392,0.7554088373675787,0.2445911626324213,0.3530435303490174,320.55174165860274
5,0.7458715596330275,0.006861594175069551,0.0,0.0,0.8478277239679011,0.1521722760320989,0.3702236952620868,356.76841308697317
6,0.7761467889908257,0.009224347501004707,0.00114678899082566,0.001986296797670708,0.8194793002866525,0.1805206997133475,0.4158347788462928,380.42372544903577
7,0.7814220183486238,0.005415467409686954,0.0,0.0,0.9205240771322168,0.0794759228677832,0.3975391007876307,384.644730945332
8,0.791743119266055,0.010776155927370207,0.0,0.0,0.9444634039655856,0.055536596034414396,0.3675310327254789,388.345425625917
9,0.8123853211009173,0.008642864074044384,0.00022935779816512,0.0005128596278668848,0.9753526977948355,0.0246473022051646,0.42258306118342476,398.2235936636693
10,0.8282110091743119,0.006456737734063865,0.00389908256880732,0.008718613673737668,0.9508713442907094,0.0491286557092905,0.4310981455223266,414.30237462431614
11,0.8314220183486238,0.0160959505133236,0.01513761467889902,0.01121862119394091,0.8221514792939194,0.1778485207060806,0.9065315228794957,429.1447537905442
12,0.8162844036697248,0.006089870663922831,,,,,,437.77244116260755
