layer,Q_accuracy,effective_rank,CKA,Delta_CKA,Delta,delta,seed
0,0.5091743119266054,1.0,0.0,1.0,0.6218023749594529,0.0,46
1,0.7327981651376146,235.02600658028305,0.7430911248096848,0.25690887519031524,0.4430883776623699,0.0,46
2,0.7557339449541285,320.0258336364871,0.9501454650068074,0.04985453499319259,0.3829000632345952,0.004587155963302836,46
3,0.7511467889908257,336.41171962579574,0.8264961673110682,0.17350383268893177,0.554629833145762,0.022935779816513735,46
4,0.7282110091743119,320.55174165860274,0.7554088373675787,0.2445911626324213,0.3530435303490174,0.0,46
5,0.7511467889908257,356.76841308697317,0.8478277239679011,0.15217227603209893,0.37022369526208687,0.0,46
6,0.7740825688073395,380.42372544903577,0.8194793002866525,0.1805206997133475,0.4158347788462928,0.0,46
7,0.7809633027522935,384.64473094533196,0.9205240771322167,0.07947592286778327,0.3975391007876307,0.0,46
8,0.7844036697247706,388.345425625917,0.9444634039655856,0.05553659603441441,0.36753103272547893,0.0,46
9,0.8211009174311926,398.22359366366925,0.9753526977948354,0.024647302205164645,0.42258306118342476,0.0011467889908256534,46
10,0.819954128440367,414.30237462431614,0.9508713442907094,0.04912865570929059,0.4310981455223266,0.0,46
11,0.823394495412844,429.1447537905442,0.8221514792939194,0.1778485207060806,0.9065315228794956,0.011467889908256867,46
12,0.8119266055045872,437.7724411626075,,,,,46
